Kelompok,minat,narasi,Topik Penelitian,Pembimbing 1,Pembimbing 2,Pembimbing 3,Pembimbing 4,Pembimbing 5,Pembimbing 6,Pembimbing 7,Pembimbing 8
computational dan artificial intelligence,18,"Di sini kita belajar tentang gimana caranya komputer bisa ""mikir"" kayak manusia. Belajarnya tentang pemrograman, algoritma, dan yang lagi hits banget: machine learning dan deep learning. Nanti, lulusannya bisa jadi AI Engineer yang bikin robot atau sistem rekomendasi di e-commerce, Data Scientist yang jago olah data, atau NLP Engineer yang bikin komputer ngerti bahasa manusia, keren kan? silahkan klik pada nama dosen untuk melihat profil dan topik penelitian, klik 'kirim email' untuk memperkenalkan diri jika berminat terhadap penelitian dosen tersebut",AI dalam robotika,"Dr. Arif Bijaksana Putra Negara, S.T., M.T.","Rina Septiriana, ST, M.Cs ","Helen Sastypratiwi, S.T., M.Eng","Ibnu Arif S.Kom., M.Kom.","Izuardo Zulkarnain, M.T.","Niken Candraningrum, S.T., M.Cs.","Prof. Dr. Herry Sujaini, S.T., M.T.","Tursina, S.T., M.Cs."
computational dan artificial intelligence,16,"Di sini kita belajar tentang gimana caranya komputer bisa ""mikir"" kayak manusia. Belajarnya tentang pemrograman, algoritma, dan yang lagi hits banget: machine learning dan deep learning. Nanti, lulusannya bisa jadi AI Engineer yang bikin robot atau sistem rekomendasi di e-commerce, Data Scientist yang jago olah data, atau NLP Engineer yang bikin komputer ngerti bahasa manusia, keren kan? silahkan klik pada nama dosen untuk melihat profil dan topik penelitian, klik 'kirim email' untuk memperkenalkan diri jika berminat terhadap penelitian dosen tersebut",AI untuk deteksi objek,"Dr. Arif Bijaksana Putra Negara, S.T., M.T.","Rina Septiriana, ST, M.Cs ","Helen Sastypratiwi, S.T., M.Eng","Ibnu Arif S.Kom., M.Kom.","Izuardo Zulkarnain, M.T.","Niken Candraningrum, S.T., M.Cs.","Prof. Dr. Herry Sujaini, S.T., M.T.","Tursina, S.T., M.Cs."
computational dan artificial intelligence,5,"Di sini kita belajar tentang gimana caranya komputer bisa ""mikir"" kayak manusia. Belajarnya tentang pemrograman, algoritma, dan yang lagi hits banget: machine learning dan deep learning. Nanti, lulusannya bisa jadi AI Engineer yang bikin robot atau sistem rekomendasi di e-commerce, Data Scientist yang jago olah data, atau NLP Engineer yang bikin komputer ngerti bahasa manusia, keren kan? silahkan klik pada nama dosen untuk melihat profil dan topik penelitian, klik 'kirim email' untuk memperkenalkan diri jika berminat terhadap penelitian dosen tersebut",AI untuk diagnosa medis,"Dr. Arif Bijaksana Putra Negara, S.T., M.T.","Rina Septiriana, ST, M.Cs ","Helen Sastypratiwi, S.T., M.Eng","Ibnu Arif S.Kom., M.Kom.","Izuardo Zulkarnain, M.T.","Niken Candraningrum, S.T., M.Cs.","Prof. Dr. Herry Sujaini, S.T., M.T.","Tursina, S.T., M.Cs."
computational dan artificial intelligence,11,"Di sini kita belajar tentang gimana caranya komputer bisa ""mikir"" kayak manusia. Belajarnya tentang pemrograman, algoritma, dan yang lagi hits banget: machine learning dan deep learning. Nanti, lulusannya bisa jadi AI Engineer yang bikin robot atau sistem rekomendasi di e-commerce, Data Scientist yang jago olah data, atau NLP Engineer yang bikin komputer ngerti bahasa manusia, keren kan? silahkan klik pada nama dosen untuk melihat profil dan topik penelitian, klik 'kirim email' untuk memperkenalkan diri jika berminat terhadap penelitian dosen tersebut",AI untuk kendaraan otonom,"Dr. Arif Bijaksana Putra Negara, S.T., M.T.","Rina Septiriana, ST, M.Cs ","Helen Sastypratiwi, S.T., M.Eng","Ibnu Arif S.Kom., M.Kom.","Izuardo Zulkarnain, M.T.","Niken Candraningrum, S.T., M.Cs.","Prof. Dr. Herry Sujaini, S.T., M.T.","Tursina, S.T., M.Cs."
computational dan artificial intelligence,8,"Di sini kita belajar tentang gimana caranya komputer bisa ""mikir"" kayak manusia. Belajarnya tentang pemrograman, algoritma, dan yang lagi hits banget: machine learning dan deep learning. Nanti, lulusannya bisa jadi AI Engineer yang bikin robot atau sistem rekomendasi di e-commerce, Data Scientist yang jago olah data, atau NLP Engineer yang bikin komputer ngerti bahasa manusia, keren kan? silahkan klik pada nama dosen untuk melihat profil dan topik penelitian, klik 'kirim email' untuk memperkenalkan diri jika berminat terhadap penelitian dosen tersebut",AI untuk pengenalan wajah (face recognition),"Dr. Arif Bijaksana Putra Negara, S.T., M.T.","Rina Septiriana, ST, M.Cs ","Helen Sastypratiwi, S.T., M.Eng","Ibnu Arif S.Kom., M.Kom.","Izuardo Zulkarnain, M.T.","Niken Candraningrum, S.T., M.Cs.","Prof. Dr. Herry Sujaini, S.T., M.T.","Tursina, S.T., M.Cs."
computational dan artificial intelligence,11,"Di sini kita belajar tentang gimana caranya komputer bisa ""mikir"" kayak manusia. Belajarnya tentang pemrograman, algoritma, dan yang lagi hits banget: machine learning dan deep learning. Nanti, lulusannya bisa jadi AI Engineer yang bikin robot atau sistem rekomendasi di e-commerce, Data Scientist yang jago olah data, atau NLP Engineer yang bikin komputer ngerti bahasa manusia, keren kan? silahkan klik pada nama dosen untuk melihat profil dan topik penelitian, klik 'kirim email' untuk memperkenalkan diri jika berminat terhadap penelitian dosen tersebut",AI untuk perencanaan kota cerdas (smart city),"Dr. Arif Bijaksana Putra Negara, S.T., M.T.","Rina Septiriana, ST, M.Cs ","Helen Sastypratiwi, S.T., M.Eng","Ibnu Arif S.Kom., M.Kom.","Izuardo Zulkarnain, M.T.","Niken Candraningrum, S.T., M.Cs.","Prof. Dr. Herry Sujaini, S.T., M.T.","Tursina, S.T., M.Cs."
computational dan artificial intelligence,13,"Di sini kita belajar tentang gimana caranya komputer bisa ""mikir"" kayak manusia. Belajarnya tentang pemrograman, algoritma, dan yang lagi hits banget: machine learning dan deep learning. Nanti, lulusannya bisa jadi AI Engineer yang bikin robot atau sistem rekomendasi di e-commerce, Data Scientist yang jago olah data, atau NLP Engineer yang bikin komputer ngerti bahasa manusia, keren kan? silahkan klik pada nama dosen untuk melihat profil dan topik penelitian, klik 'kirim email' untuk memperkenalkan diri jika berminat terhadap penelitian dosen tersebut",AI untuk sistem pengambilan keputusan,"Dr. Arif Bijaksana Putra Negara, S.T., M.T.","Rina Septiriana, ST, M.Cs ","Helen Sastypratiwi, S.T., M.Eng","Ibnu Arif S.Kom., M.Kom.","Izuardo Zulkarnain, M.T.","Niken Candraningrum, S.T., M.Cs.","Prof. Dr. Herry Sujaini, S.T., M.T.","Tursina, S.T., M.Cs."
computational dan artificial intelligence,3,"Di sini kita belajar tentang gimana caranya komputer bisa ""mikir"" kayak manusia. Belajarnya tentang pemrograman, algoritma, dan yang lagi hits banget: machine learning dan deep learning. Nanti, lulusannya bisa jadi AI Engineer yang bikin robot atau sistem rekomendasi di e-commerce, Data Scientist yang jago olah data, atau NLP Engineer yang bikin komputer ngerti bahasa manusia, keren kan? silahkan klik pada nama dosen untuk melihat profil dan topik penelitian, klik 'kirim email' untuk memperkenalkan diri jika berminat terhadap penelitian dosen tersebut",Analisis sentimen menggunakan AI,"Dr. Arif Bijaksana Putra Negara, S.T., M.T.","Rina Septiriana, ST, M.Cs ","Helen Sastypratiwi, S.T., M.Eng","Ibnu Arif S.Kom., M.Kom.","Izuardo Zulkarnain, M.T.","Niken Candraningrum, S.T., M.Cs.","Prof. Dr. Herry Sujaini, S.T., M.T.","Tursina, S.T., M.Cs."
computational dan artificial intelligence,13,"Di sini kita belajar tentang gimana caranya komputer bisa ""mikir"" kayak manusia. Belajarnya tentang pemrograman, algoritma, dan yang lagi hits banget: machine learning dan deep learning. Nanti, lulusannya bisa jadi AI Engineer yang bikin robot atau sistem rekomendasi di e-commerce, Data Scientist yang jago olah data, atau NLP Engineer yang bikin komputer ngerti bahasa manusia, keren kan? silahkan klik pada nama dosen untuk melihat profil dan topik penelitian, klik 'kirim email' untuk memperkenalkan diri jika berminat terhadap penelitian dosen tersebut",Computer vision,"Dr. Arif Bijaksana Putra Negara, S.T., M.T.","Rina Septiriana, ST, M.Cs ","Helen Sastypratiwi, S.T., M.Eng","Ibnu Arif S.Kom., M.Kom.","Izuardo Zulkarnain, M.T.","Niken Candraningrum, S.T., M.Cs.","Prof. Dr. Herry Sujaini, S.T., M.T.","Tursina, S.T., M.Cs."
computational dan artificial intelligence,0,"Di sini kita belajar tentang gimana caranya komputer bisa ""mikir"" kayak manusia. Belajarnya tentang pemrograman, algoritma, dan yang lagi hits banget: machine learning dan deep learning. Nanti, lulusannya bisa jadi AI Engineer yang bikin robot atau sistem rekomendasi di e-commerce, Data Scientist yang jago olah data, atau NLP Engineer yang bikin komputer ngerti bahasa manusia, keren kan? silahkan klik pada nama dosen untuk melihat profil dan topik penelitian, klik 'kirim email' untuk memperkenalkan diri jika berminat terhadap penelitian dosen tersebut",Jaringan saraf tiruan (neural networks),"Dr. Arif Bijaksana Putra Negara, S.T., M.T.","Rina Septiriana, ST, M.Cs ","Helen Sastypratiwi, S.T., M.Eng","Ibnu Arif S.Kom., M.Kom.","Izuardo Zulkarnain, M.T.","Niken Candraningrum, S.T., M.Cs.","Prof. Dr. Herry Sujaini, S.T., M.T.","Tursina, S.T., M.Cs."
computational dan artificial intelligence,4,"Di sini kita belajar tentang gimana caranya komputer bisa ""mikir"" kayak manusia. Belajarnya tentang pemrograman, algoritma, dan yang lagi hits banget: machine learning dan deep learning. Nanti, lulusannya bisa jadi AI Engineer yang bikin robot atau sistem rekomendasi di e-commerce, Data Scientist yang jago olah data, atau NLP Engineer yang bikin komputer ngerti bahasa manusia, keren kan? silahkan klik pada nama dosen untuk melihat profil dan topik penelitian, klik 'kirim email' untuk memperkenalkan diri jika berminat terhadap penelitian dosen tersebut",Optimasi algoritma evolusi,"Dr. Arif Bijaksana Putra Negara, S.T., M.T.","Rina Septiriana, ST, M.Cs ","Helen Sastypratiwi, S.T., M.Eng","Ibnu Arif S.Kom., M.Kom.","Izuardo Zulkarnain, M.T.","Niken Candraningrum, S.T., M.Cs.","Prof. Dr. Herry Sujaini, S.T., M.T.","Tursina, S.T., M.Cs."
computational dan artificial intelligence,14,"Di sini kita belajar tentang gimana caranya komputer bisa ""mikir"" kayak manusia. Belajarnya tentang pemrograman, algoritma, dan yang lagi hits banget: machine learning dan deep learning. Nanti, lulusannya bisa jadi AI Engineer yang bikin robot atau sistem rekomendasi di e-commerce, Data Scientist yang jago olah data, atau NLP Engineer yang bikin komputer ngerti bahasa manusia, keren kan? silahkan klik pada nama dosen untuk melihat profil dan topik penelitian, klik 'kirim email' untuk memperkenalkan diri jika berminat terhadap penelitian dosen tersebut",Optimasi algoritma pembelajaran mendalam,"Dr. Arif Bijaksana Putra Negara, S.T., M.T.","Rina Septiriana, ST, M.Cs ","Helen Sastypratiwi, S.T., M.Eng","Ibnu Arif S.Kom., M.Kom.","Izuardo Zulkarnain, M.T.","Niken Candraningrum, S.T., M.Cs.","Prof. Dr. Herry Sujaini, S.T., M.T.","Tursina, S.T., M.Cs."
computational dan artificial intelligence,19,"Di sini kita belajar tentang gimana caranya komputer bisa ""mikir"" kayak manusia. Belajarnya tentang pemrograman, algoritma, dan yang lagi hits banget: machine learning dan deep learning. Nanti, lulusannya bisa jadi AI Engineer yang bikin robot atau sistem rekomendasi di e-commerce, Data Scientist yang jago olah data, atau NLP Engineer yang bikin komputer ngerti bahasa manusia, keren kan? silahkan klik pada nama dosen untuk melihat profil dan topik penelitian, klik 'kirim email' untuk memperkenalkan diri jika berminat terhadap penelitian dosen tersebut",Pembelajaran mesin (machine learning),"Dr. Arif Bijaksana Putra Negara, S.T., M.T.","Rina Septiriana, ST, M.Cs ","Helen Sastypratiwi, S.T., M.Eng","Ibnu Arif S.Kom., M.Kom.","Izuardo Zulkarnain, M.T.","Niken Candraningrum, S.T., M.Cs.","Prof. Dr. Herry Sujaini, S.T., M.T.","Tursina, S.T., M.Cs."
computational dan artificial intelligence,13,"Di sini kita belajar tentang gimana caranya komputer bisa ""mikir"" kayak manusia. Belajarnya tentang pemrograman, algoritma, dan yang lagi hits banget: machine learning dan deep learning. Nanti, lulusannya bisa jadi AI Engineer yang bikin robot atau sistem rekomendasi di e-commerce, Data Scientist yang jago olah data, atau NLP Engineer yang bikin komputer ngerti bahasa manusia, keren kan? silahkan klik pada nama dosen untuk melihat profil dan topik penelitian, klik 'kirim email' untuk memperkenalkan diri jika berminat terhadap penelitian dosen tersebut",Pembelajaran penguatan (reinforcement learning),"Dr. Arif Bijaksana Putra Negara, S.T., M.T.","Rina Septiriana, ST, M.Cs ","Helen Sastypratiwi, S.T., M.Eng","Ibnu Arif S.Kom., M.Kom.","Izuardo Zulkarnain, M.T.","Niken Candraningrum, S.T., M.Cs.","Prof. Dr. Herry Sujaini, S.T., M.T.","Tursina, S.T., M.Cs."
computational dan artificial intelligence,11,"Di sini kita belajar tentang gimana caranya komputer bisa ""mikir"" kayak manusia. Belajarnya tentang pemrograman, algoritma, dan yang lagi hits banget: machine learning dan deep learning. Nanti, lulusannya bisa jadi AI Engineer yang bikin robot atau sistem rekomendasi di e-commerce, Data Scientist yang jago olah data, atau NLP Engineer yang bikin komputer ngerti bahasa manusia, keren kan? silahkan klik pada nama dosen untuk melihat profil dan topik penelitian, klik 'kirim email' untuk memperkenalkan diri jika berminat terhadap penelitian dosen tersebut",Penerapan kecerdasan buatan dalam keuangan,"Dr. Arif Bijaksana Putra Negara, S.T., M.T.","Rina Septiriana, ST, M.Cs ","Helen Sastypratiwi, S.T., M.Eng","Ibnu Arif S.Kom., M.Kom.","Izuardo Zulkarnain, M.T.","Niken Candraningrum, S.T., M.Cs.","Prof. Dr. Herry Sujaini, S.T., M.T.","Tursina, S.T., M.Cs."
computational dan artificial intelligence,15,"Di sini kita belajar tentang gimana caranya komputer bisa ""mikir"" kayak manusia. Belajarnya tentang pemrograman, algoritma, dan yang lagi hits banget: machine learning dan deep learning. Nanti, lulusannya bisa jadi AI Engineer yang bikin robot atau sistem rekomendasi di e-commerce, Data Scientist yang jago olah data, atau NLP Engineer yang bikin komputer ngerti bahasa manusia, keren kan? silahkan klik pada nama dosen untuk melihat profil dan topik penelitian, klik 'kirim email' untuk memperkenalkan diri jika berminat terhadap penelitian dosen tersebut",Pengembangan sistem rekomendasi,"Dr. Arif Bijaksana Putra Negara, S.T., M.T.","Rina Septiriana, ST, M.Cs ","Helen Sastypratiwi, S.T., M.Eng","Ibnu Arif S.Kom., M.Kom.","Izuardo Zulkarnain, M.T.","Niken Candraningrum, S.T., M.Cs.","Prof. Dr. Herry Sujaini, S.T., M.T.","Tursina, S.T., M.Cs."
computational dan artificial intelligence,7,"Di sini kita belajar tentang gimana caranya komputer bisa ""mikir"" kayak manusia. Belajarnya tentang pemrograman, algoritma, dan yang lagi hits banget: machine learning dan deep learning. Nanti, lulusannya bisa jadi AI Engineer yang bikin robot atau sistem rekomendasi di e-commerce, Data Scientist yang jago olah data, atau NLP Engineer yang bikin komputer ngerti bahasa manusia, keren kan? silahkan klik pada nama dosen untuk melihat profil dan topik penelitian, klik 'kirim email' untuk memperkenalkan diri jika berminat terhadap penelitian dosen tersebut",Penggunaan AI dalam game,"Dr. Arif Bijaksana Putra Negara, S.T., M.T.","Rina Septiriana, ST, M.Cs ","Helen Sastypratiwi, S.T., M.Eng","Ibnu Arif S.Kom., M.Kom.","Izuardo Zulkarnain, M.T.","Niken Candraningrum, S.T., M.Cs.","Prof. Dr. Herry Sujaini, S.T., M.T.","Tursina, S.T., M.Cs."
computational dan artificial intelligence,13,"Di sini kita belajar tentang gimana caranya komputer bisa ""mikir"" kayak manusia. Belajarnya tentang pemrograman, algoritma, dan yang lagi hits banget: machine learning dan deep learning. Nanti, lulusannya bisa jadi AI Engineer yang bikin robot atau sistem rekomendasi di e-commerce, Data Scientist yang jago olah data, atau NLP Engineer yang bikin komputer ngerti bahasa manusia, keren kan? silahkan klik pada nama dosen untuk melihat profil dan topik penelitian, klik 'kirim email' untuk memperkenalkan diri jika berminat terhadap penelitian dosen tersebut",Pengolahan bahasa alami (natural language processing),"Dr. Arif Bijaksana Putra Negara, S.T., M.T.","Rina Septiriana, ST, M.Cs ","Helen Sastypratiwi, S.T., M.Eng","Ibnu Arif S.Kom., M.Kom.","Izuardo Zulkarnain, M.T.","Niken Candraningrum, S.T., M.Cs.","Prof. Dr. Herry Sujaini, S.T., M.T.","Tursina, S.T., M.Cs."
computational dan artificial intelligence,2,"Di sini kita belajar tentang gimana caranya komputer bisa ""mikir"" kayak manusia. Belajarnya tentang pemrograman, algoritma, dan yang lagi hits banget: machine learning dan deep learning. Nanti, lulusannya bisa jadi AI Engineer yang bikin robot atau sistem rekomendasi di e-commerce, Data Scientist yang jago olah data, atau NLP Engineer yang bikin komputer ngerti bahasa manusia, keren kan? silahkan klik pada nama dosen untuk melihat profil dan topik penelitian, klik 'kirim email' untuk memperkenalkan diri jika berminat terhadap penelitian dosen tersebut",Reinforcement learning,"Dr. Arif Bijaksana Putra Negara, S.T., M.T.","Rina Septiriana, ST, M.Cs ","Helen Sastypratiwi, S.T., M.Eng","Ibnu Arif S.Kom., M.Kom.","Izuardo Zulkarnain, M.T.","Niken Candraningrum, S.T., M.Cs.","Prof. Dr. Herry Sujaini, S.T., M.T.","Tursina, S.T., M.Cs."
computational dan artificial intelligence,10,"Di sini kita belajar tentang gimana caranya komputer bisa ""mikir"" kayak manusia. Belajarnya tentang pemrograman, algoritma, dan yang lagi hits banget: machine learning dan deep learning. Nanti, lulusannya bisa jadi AI Engineer yang bikin robot atau sistem rekomendasi di e-commerce, Data Scientist yang jago olah data, atau NLP Engineer yang bikin komputer ngerti bahasa manusia, keren kan? silahkan klik pada nama dosen untuk melihat profil dan topik penelitian, klik 'kirim email' untuk memperkenalkan diri jika berminat terhadap penelitian dosen tersebut",Sistem pakar (expert systems),"Dr. Arif Bijaksana Putra Negara, S.T., M.T.","Rina Septiriana, ST, M.Cs ","Helen Sastypratiwi, S.T., M.Eng","Ibnu Arif S.Kom., M.Kom.","Izuardo Zulkarnain, M.T.","Niken Candraningrum, S.T., M.Cs.","Prof. Dr. Herry Sujaini, S.T., M.T.","Tursina, S.T., M.Cs."
information system dan data spasial,14,"Di sini kita belajar tentang sistem informasi, database, dan analisis data, terutama data spasial kayak peta. Belajarnya tentang SIG, penginderaan jauh, sama pemodelan spasial. Lulusannya bisa jadi System Analyst yang merancang sistem informasi, Database Administrator yang jaga database, atau GIS Specialist yang jago analisis peta. silahkan klik pada nama dosen untuk melihat profil dan topik penelitian, klik 'kirim email' untuk memperkenalkan diri jika berminat terhadap penelitian dosen tersebut",Analisis data spasial untuk pemantauan lingkungan,"Morteza Muthahhari, S.Kom., M.T.I.","Yulianti, S.Kom, MMSI. ","Anggi Srimurdianti S., S.T., M.T.","Dr. Ir. Yus Sholva, S.T., M.T.","Enda Esyudha Pratama, S.T., M.T.","Eva Faja Ripanti, S.Kom. MMSI., Ph.D","Fauzan Asrin, S.Kom, M.Kom.","Rifqi Anugrah, S.Kom., M.Kom."
information system dan data spasial,11,"Di sini kita belajar tentang sistem informasi, database, dan analisis data, terutama data spasial kayak peta. Belajarnya tentang SIG, penginderaan jauh, sama pemodelan spasial. Lulusannya bisa jadi System Analyst yang merancang sistem informasi, Database Administrator yang jaga database, atau GIS Specialist yang jago analisis peta. silahkan klik pada nama dosen untuk melihat profil dan topik penelitian, klik 'kirim email' untuk memperkenalkan diri jika berminat terhadap penelitian dosen tersebut",Big data analytics,"Morteza Muthahhari, S.Kom., M.T.I.","Yulianti, S.Kom, MMSI. ","Anggi Srimurdianti S., S.T., M.T.","Dr. Ir. Yus Sholva, S.T., M.T.","Enda Esyudha Pratama, S.T., M.T.","Eva Faja Ripanti, S.Kom. MMSI., Ph.D","Fauzan Asrin, S.Kom, M.Kom.","Rifqi Anugrah, S.Kom., M.Kom."
information system dan data spasial,1,"Di sini kita belajar tentang sistem informasi, database, dan analisis data, terutama data spasial kayak peta. Belajarnya tentang SIG, penginderaan jauh, sama pemodelan spasial. Lulusannya bisa jadi System Analyst yang merancang sistem informasi, Database Administrator yang jaga database, atau GIS Specialist yang jago analisis peta. silahkan klik pada nama dosen untuk melihat profil dan topik penelitian, klik 'kirim email' untuk memperkenalkan diri jika berminat terhadap penelitian dosen tersebut",Big data dalam pemasaran digital,"Morteza Muthahhari, S.Kom., M.T.I.","Yulianti, S.Kom, MMSI. ","Anggi Srimurdianti S., S.T., M.T.","Dr. Ir. Yus Sholva, S.T., M.T.","Enda Esyudha Pratama, S.T., M.T.","Eva Faja Ripanti, S.Kom. MMSI., Ph.D","Fauzan Asrin, S.Kom, M.Kom.","Rifqi Anugrah, S.Kom., M.Kom."
information system dan data spasial,8,"Di sini kita belajar tentang sistem informasi, database, dan analisis data, terutama data spasial kayak peta. Belajarnya tentang SIG, penginderaan jauh, sama pemodelan spasial. Lulusannya bisa jadi System Analyst yang merancang sistem informasi, Database Administrator yang jaga database, atau GIS Specialist yang jago analisis peta. silahkan klik pada nama dosen untuk melihat profil dan topik penelitian, klik 'kirim email' untuk memperkenalkan diri jika berminat terhadap penelitian dosen tersebut",Data mining dalam e-commerce,"Morteza Muthahhari, S.Kom., M.T.I.","Yulianti, S.Kom, MMSI. ","Anggi Srimurdianti S., S.T., M.T.","Dr. Ir. Yus Sholva, S.T., M.T.","Enda Esyudha Pratama, S.T., M.T.","Eva Faja Ripanti, S.Kom. MMSI., Ph.D","Fauzan Asrin, S.Kom, M.Kom.","Rifqi Anugrah, S.Kom., M.Kom."
information system dan data spasial,15,"Di sini kita belajar tentang sistem informasi, database, dan analisis data, terutama data spasial kayak peta. Belajarnya tentang SIG, penginderaan jauh, sama pemodelan spasial. Lulusannya bisa jadi System Analyst yang merancang sistem informasi, Database Administrator yang jaga database, atau GIS Specialist yang jago analisis peta. silahkan klik pada nama dosen untuk melihat profil dan topik penelitian, klik 'kirim email' untuk memperkenalkan diri jika berminat terhadap penelitian dosen tersebut",Data mining untuk analisis pasar,"Morteza Muthahhari, S.Kom., M.T.I.","Yulianti, S.Kom, MMSI. ","Anggi Srimurdianti S., S.T., M.T.","Dr. Ir. Yus Sholva, S.T., M.T.","Enda Esyudha Pratama, S.T., M.T.","Eva Faja Ripanti, S.Kom. MMSI., Ph.D","Fauzan Asrin, S.Kom, M.Kom.","Rifqi Anugrah, S.Kom., M.Kom."
information system dan data spasial,11,"Di sini kita belajar tentang sistem informasi, database, dan analisis data, terutama data spasial kayak peta. Belajarnya tentang SIG, penginderaan jauh, sama pemodelan spasial. Lulusannya bisa jadi System Analyst yang merancang sistem informasi, Database Administrator yang jaga database, atau GIS Specialist yang jago analisis peta. silahkan klik pada nama dosen untuk melihat profil dan topik penelitian, klik 'kirim email' untuk memperkenalkan diri jika berminat terhadap penelitian dosen tersebut",Enterprise Resource Planning (ERP),"Morteza Muthahhari, S.Kom., M.T.I.","Yulianti, S.Kom, MMSI. ","Anggi Srimurdianti S., S.T., M.T.","Dr. Ir. Yus Sholva, S.T., M.T.","Enda Esyudha Pratama, S.T., M.T.","Eva Faja Ripanti, S.Kom. MMSI., Ph.D","Fauzan Asrin, S.Kom, M.Kom.","Rifqi Anugrah, S.Kom., M.Kom."
information system dan data spasial,17,"Di sini kita belajar tentang sistem informasi, database, dan analisis data, terutama data spasial kayak peta. Belajarnya tentang SIG, penginderaan jauh, sama pemodelan spasial. Lulusannya bisa jadi System Analyst yang merancang sistem informasi, Database Administrator yang jaga database, atau GIS Specialist yang jago analisis peta. silahkan klik pada nama dosen untuk melihat profil dan topik penelitian, klik 'kirim email' untuk memperkenalkan diri jika berminat terhadap penelitian dosen tersebut",GIS untuk perencanaan kota,"Morteza Muthahhari, S.Kom., M.T.I.","Yulianti, S.Kom, MMSI. ","Anggi Srimurdianti S., S.T., M.T.","Dr. Ir. Yus Sholva, S.T., M.T.","Enda Esyudha Pratama, S.T., M.T.","Eva Faja Ripanti, S.Kom. MMSI., Ph.D","Fauzan Asrin, S.Kom, M.Kom.","Rifqi Anugrah, S.Kom., M.Kom."
information system dan data spasial,4,"Di sini kita belajar tentang sistem informasi, database, dan analisis data, terutama data spasial kayak peta. Belajarnya tentang SIG, penginderaan jauh, sama pemodelan spasial. Lulusannya bisa jadi System Analyst yang merancang sistem informasi, Database Administrator yang jaga database, atau GIS Specialist yang jago analisis peta. silahkan klik pada nama dosen untuk melihat profil dan topik penelitian, klik 'kirim email' untuk memperkenalkan diri jika berminat terhadap penelitian dosen tersebut",Pengelolaan sumber daya alam berbasis GIS,"Morteza Muthahhari, S.Kom., M.T.I.","Yulianti, S.Kom, MMSI. ","Anggi Srimurdianti S., S.T., M.T.","Dr. Ir. Yus Sholva, S.T., M.T.","Enda Esyudha Pratama, S.T., M.T.","Eva Faja Ripanti, S.Kom. MMSI., Ph.D","Fauzan Asrin, S.Kom, M.Kom.","Rifqi Anugrah, S.Kom., M.Kom."
information system dan data spasial,8,"Di sini kita belajar tentang sistem informasi, database, dan analisis data, terutama data spasial kayak peta. Belajarnya tentang SIG, penginderaan jauh, sama pemodelan spasial. Lulusannya bisa jadi System Analyst yang merancang sistem informasi, Database Administrator yang jaga database, atau GIS Specialist yang jago analisis peta. silahkan klik pada nama dosen untuk melihat profil dan topik penelitian, klik 'kirim email' untuk memperkenalkan diri jika berminat terhadap penelitian dosen tersebut",Pengembangan sistem informasi manajemen,"Morteza Muthahhari, S.Kom., M.T.I.","Yulianti, S.Kom, MMSI. ","Anggi Srimurdianti S., S.T., M.T.","Dr. Ir. Yus Sholva, S.T., M.T.","Enda Esyudha Pratama, S.T., M.T.","Eva Faja Ripanti, S.Kom. MMSI., Ph.D","Fauzan Asrin, S.Kom, M.Kom.","Rifqi Anugrah, S.Kom., M.Kom."
information system dan data spasial,16,"Di sini kita belajar tentang sistem informasi, database, dan analisis data, terutama data spasial kayak peta. Belajarnya tentang SIG, penginderaan jauh, sama pemodelan spasial. Lulusannya bisa jadi System Analyst yang merancang sistem informasi, Database Administrator yang jaga database, atau GIS Specialist yang jago analisis peta. silahkan klik pada nama dosen untuk melihat profil dan topik penelitian, klik 'kirim email' untuk memperkenalkan diri jika berminat terhadap penelitian dosen tersebut",Pengembangan visualisasi data,"Morteza Muthahhari, S.Kom., M.T.I.","Yulianti, S.Kom, MMSI. ","Anggi Srimurdianti S., S.T., M.T.","Dr. Ir. Yus Sholva, S.T., M.T.","Enda Esyudha Pratama, S.T., M.T.","Eva Faja Ripanti, S.Kom. MMSI., Ph.D","Fauzan Asrin, S.Kom, M.Kom.","Rifqi Anugrah, S.Kom., M.Kom."
information system dan data spasial,9,"Di sini kita belajar tentang sistem informasi, database, dan analisis data, terutama data spasial kayak peta. Belajarnya tentang SIG, penginderaan jauh, sama pemodelan spasial. Lulusannya bisa jadi System Analyst yang merancang sistem informasi, Database Administrator yang jaga database, atau GIS Specialist yang jago analisis peta. silahkan klik pada nama dosen untuk melihat profil dan topik penelitian, klik 'kirim email' untuk memperkenalkan diri jika berminat terhadap penelitian dosen tersebut",Penggunaan data spasial untuk pengelolaan lahan,"Morteza Muthahhari, S.Kom., M.T.I.","Yulianti, S.Kom, MMSI. ","Anggi Srimurdianti S., S.T., M.T.","Dr. Ir. Yus Sholva, S.T., M.T.","Enda Esyudha Pratama, S.T., M.T.","Eva Faja Ripanti, S.Kom. MMSI., Ph.D","Fauzan Asrin, S.Kom, M.Kom.","Rifqi Anugrah, S.Kom., M.Kom."
information system dan data spasial,6,"Di sini kita belajar tentang sistem informasi, database, dan analisis data, terutama data spasial kayak peta. Belajarnya tentang SIG, penginderaan jauh, sama pemodelan spasial. Lulusannya bisa jadi System Analyst yang merancang sistem informasi, Database Administrator yang jaga database, atau GIS Specialist yang jago analisis peta. silahkan klik pada nama dosen untuk melihat profil dan topik penelitian, klik 'kirim email' untuk memperkenalkan diri jika berminat terhadap penelitian dosen tersebut",Sistem informasi bencana berbasis GIS,"Morteza Muthahhari, S.Kom., M.T.I.","Yulianti, S.Kom, MMSI. ","Anggi Srimurdianti S., S.T., M.T.","Dr. Ir. Yus Sholva, S.T., M.T.","Enda Esyudha Pratama, S.T., M.T.","Eva Faja Ripanti, S.Kom. MMSI., Ph.D","Fauzan Asrin, S.Kom, M.Kom.","Rifqi Anugrah, S.Kom., M.Kom."
information system dan data spasial,10,"Di sini kita belajar tentang sistem informasi, database, dan analisis data, terutama data spasial kayak peta. Belajarnya tentang SIG, penginderaan jauh, sama pemodelan spasial. Lulusannya bisa jadi System Analyst yang merancang sistem informasi, Database Administrator yang jaga database, atau GIS Specialist yang jago analisis peta. silahkan klik pada nama dosen untuk melihat profil dan topik penelitian, klik 'kirim email' untuk memperkenalkan diri jika berminat terhadap penelitian dosen tersebut",Sistem informasi geografis (GIS),"Morteza Muthahhari, S.Kom., M.T.I.","Yulianti, S.Kom, MMSI. ","Anggi Srimurdianti S., S.T., M.T.","Dr. Ir. Yus Sholva, S.T., M.T.","Enda Esyudha Pratama, S.T., M.T.","Eva Faja Ripanti, S.Kom. MMSI., Ph.D","Fauzan Asrin, S.Kom, M.Kom.","Rifqi Anugrah, S.Kom., M.Kom."
information system dan data spasial,18,"Di sini kita belajar tentang sistem informasi, database, dan analisis data, terutama data spasial kayak peta. Belajarnya tentang SIG, penginderaan jauh, sama pemodelan spasial. Lulusannya bisa jadi System Analyst yang merancang sistem informasi, Database Administrator yang jaga database, atau GIS Specialist yang jago analisis peta. silahkan klik pada nama dosen untuk melihat profil dan topik penelitian, klik 'kirim email' untuk memperkenalkan diri jika berminat terhadap penelitian dosen tersebut",Sistem informasi geografis untuk transportasi,"Morteza Muthahhari, S.Kom., M.T.I.","Yulianti, S.Kom, MMSI. ","Anggi Srimurdianti S., S.T., M.T.","Dr. Ir. Yus Sholva, S.T., M.T.","Enda Esyudha Pratama, S.T., M.T.","Eva Faja Ripanti, S.Kom. MMSI., Ph.D","Fauzan Asrin, S.Kom, M.Kom.","Rifqi Anugrah, S.Kom., M.Kom."
information system dan data spasial,18,"Di sini kita belajar tentang sistem informasi, database, dan analisis data, terutama data spasial kayak peta. Belajarnya tentang SIG, penginderaan jauh, sama pemodelan spasial. Lulusannya bisa jadi System Analyst yang merancang sistem informasi, Database Administrator yang jaga database, atau GIS Specialist yang jago analisis peta. silahkan klik pada nama dosen untuk melihat profil dan topik penelitian, klik 'kirim email' untuk memperkenalkan diri jika berminat terhadap penelitian dosen tersebut",Sistem informasi terintegrasi untuk perusahaan,"Morteza Muthahhari, S.Kom., M.T.I.","Yulianti, S.Kom, MMSI. ","Anggi Srimurdianti S., S.T., M.T.","Dr. Ir. Yus Sholva, S.T., M.T.","Enda Esyudha Pratama, S.T., M.T.","Eva Faja Ripanti, S.Kom. MMSI., Ph.D","Fauzan Asrin, S.Kom, M.Kom.","Rifqi Anugrah, S.Kom., M.Kom."
information system dan data spasial,15,"Di sini kita belajar tentang sistem informasi, database, dan analisis data, terutama data spasial kayak peta. Belajarnya tentang SIG, penginderaan jauh, sama pemodelan spasial. Lulusannya bisa jadi System Analyst yang merancang sistem informasi, Database Administrator yang jaga database, atau GIS Specialist yang jago analisis peta. silahkan klik pada nama dosen untuk melihat profil dan topik penelitian, klik 'kirim email' untuk memperkenalkan diri jika berminat terhadap penelitian dosen tersebut",Sistem informasi untuk kesehatan,"Morteza Muthahhari, S.Kom., M.T.I.","Yulianti, S.Kom, MMSI. ","Anggi Srimurdianti S., S.T., M.T.","Dr. Ir. Yus Sholva, S.T., M.T.","Enda Esyudha Pratama, S.T., M.T.","Eva Faja Ripanti, S.Kom. MMSI., Ph.D","Fauzan Asrin, S.Kom, M.Kom.","Rifqi Anugrah, S.Kom., M.Kom."
information system dan data spasial,1,"Di sini kita belajar tentang sistem informasi, database, dan analisis data, terutama data spasial kayak peta. Belajarnya tentang SIG, penginderaan jauh, sama pemodelan spasial. Lulusannya bisa jadi System Analyst yang merancang sistem informasi, Database Administrator yang jaga database, atau GIS Specialist yang jago analisis peta. silahkan klik pada nama dosen untuk melihat profil dan topik penelitian, klik 'kirim email' untuk memperkenalkan diri jika berminat terhadap penelitian dosen tersebut",Sistem informasi untuk manajemen rantai pasokan,"Morteza Muthahhari, S.Kom., M.T.I.","Yulianti, S.Kom, MMSI. ","Anggi Srimurdianti S., S.T., M.T.","Dr. Ir. Yus Sholva, S.T., M.T.","Enda Esyudha Pratama, S.T., M.T.","Eva Faja Ripanti, S.Kom. MMSI., Ph.D","Fauzan Asrin, S.Kom, M.Kom.","Rifqi Anugrah, S.Kom., M.Kom."
information system dan data spasial,4,"Di sini kita belajar tentang sistem informasi, database, dan analisis data, terutama data spasial kayak peta. Belajarnya tentang SIG, penginderaan jauh, sama pemodelan spasial. Lulusannya bisa jadi System Analyst yang merancang sistem informasi, Database Administrator yang jaga database, atau GIS Specialist yang jago analisis peta. silahkan klik pada nama dosen untuk melihat profil dan topik penelitian, klik 'kirim email' untuk memperkenalkan diri jika berminat terhadap penelitian dosen tersebut",Sistem manajemen informasi bisnis,"Morteza Muthahhari, S.Kom., M.T.I.","Yulianti, S.Kom, MMSI. ","Anggi Srimurdianti S., S.T., M.T.","Dr. Ir. Yus Sholva, S.T., M.T.","Enda Esyudha Pratama, S.T., M.T.","Eva Faja Ripanti, S.Kom. MMSI., Ph.D","Fauzan Asrin, S.Kom, M.Kom.","Rifqi Anugrah, S.Kom., M.Kom."
information system dan data spasial,14,"Di sini kita belajar tentang sistem informasi, database, dan analisis data, terutama data spasial kayak peta. Belajarnya tentang SIG, penginderaan jauh, sama pemodelan spasial. Lulusannya bisa jadi System Analyst yang merancang sistem informasi, Database Administrator yang jaga database, atau GIS Specialist yang jago analisis peta. silahkan klik pada nama dosen untuk melihat profil dan topik penelitian, klik 'kirim email' untuk memperkenalkan diri jika berminat terhadap penelitian dosen tersebut",Transformasi digital dalam sektor publik,"Morteza Muthahhari, S.Kom., M.T.I.","Yulianti, S.Kom, MMSI. ","Anggi Srimurdianti S., S.T., M.T.","Dr. Ir. Yus Sholva, S.T., M.T.","Enda Esyudha Pratama, S.T., M.T.","Eva Faja Ripanti, S.Kom. MMSI., Ph.D","Fauzan Asrin, S.Kom, M.Kom.","Rifqi Anugrah, S.Kom., M.Kom."
information system dan data spasial,14,"Di sini kita belajar tentang sistem informasi, database, dan analisis data, terutama data spasial kayak peta. Belajarnya tentang SIG, penginderaan jauh, sama pemodelan spasial. Lulusannya bisa jadi System Analyst yang merancang sistem informasi, Database Administrator yang jaga database, atau GIS Specialist yang jago analisis peta. silahkan klik pada nama dosen untuk melihat profil dan topik penelitian, klik 'kirim email' untuk memperkenalkan diri jika berminat terhadap penelitian dosen tersebut",Visualisasi data untuk pengambilan keputusan bisnis,"Morteza Muthahhari, S.Kom., M.T.I.","Yulianti, S.Kom, MMSI. ","Anggi Srimurdianti S., S.T., M.T.","Dr. Ir. Yus Sholva, S.T., M.T.","Enda Esyudha Pratama, S.T., M.T.","Eva Faja Ripanti, S.Kom. MMSI., Ph.D","Fauzan Asrin, S.Kom, M.Kom.","Rifqi Anugrah, S.Kom., M.Kom."
networking dan security,4,"Di sini kita belajar tentang jaringan komputer dan gimana cara mengamankannya dari serangan siber. Protokol jaringan, kriptografi, sama analisis forensik digital itu jadi makanan sehari-hari. Lulusannya bisa jadi Network Engineer yang bangun jaringan internet, Security Engineer yang jaga data dari hacker, atau Cybersecurity Analyst yang jago analisis ancaman siber. Penting banget nih di era digital ini! silahkan klik pada nama dosen untuk melihat profil dan topik penelitian, klik 'kirim email' untuk memperkenalkan diri jika berminat terhadap penelitian dosen tersebut",5G dan teknologi jaringan nirkabel,"Helfi Nasution, S.Kom, M.Cs","Haried Novriando, S.Kom., M.Eng. ","Alfian Abdul Jalid, S.Kom., M.Cs","Heri Priyanto, S.T., M.T.","Ir. M. Azhar Irwansyah, ST, M.Eng","Rickhy Artha Octaviyana, S.Kom., M.M., M.Kom.",,
networking dan security,3,"Di sini kita belajar tentang jaringan komputer dan gimana cara mengamankannya dari serangan siber. Protokol jaringan, kriptografi, sama analisis forensik digital itu jadi makanan sehari-hari. Lulusannya bisa jadi Network Engineer yang bangun jaringan internet, Security Engineer yang jaga data dari hacker, atau Cybersecurity Analyst yang jago analisis ancaman siber. Penting banget nih di era digital ini! silahkan klik pada nama dosen untuk melihat profil dan topik penelitian, klik 'kirim email' untuk memperkenalkan diri jika berminat terhadap penelitian dosen tersebut",Analisis keamanan pada sistem cloud,"Helfi Nasution, S.Kom, M.Cs","Haried Novriando, S.Kom., M.Eng. ","Alfian Abdul Jalid, S.Kom., M.Cs","Heri Priyanto, S.T., M.T.","Ir. M. Azhar Irwansyah, ST, M.Eng","Rickhy Artha Octaviyana, S.Kom., M.M., M.Kom.",,
networking dan security,13,"Di sini kita belajar tentang jaringan komputer dan gimana cara mengamankannya dari serangan siber. Protokol jaringan, kriptografi, sama analisis forensik digital itu jadi makanan sehari-hari. Lulusannya bisa jadi Network Engineer yang bangun jaringan internet, Security Engineer yang jaga data dari hacker, atau Cybersecurity Analyst yang jago analisis ancaman siber. Penting banget nih di era digital ini! silahkan klik pada nama dosen untuk melihat profil dan topik penelitian, klik 'kirim email' untuk memperkenalkan diri jika berminat terhadap penelitian dosen tersebut",Analisis serangan DDoS,"Helfi Nasution, S.Kom, M.Cs","Haried Novriando, S.Kom., M.Eng. ","Alfian Abdul Jalid, S.Kom., M.Cs","Heri Priyanto, S.T., M.T.","Ir. M. Azhar Irwansyah, ST, M.Eng","Rickhy Artha Octaviyana, S.Kom., M.M., M.Kom.",,
networking dan security,3,"Di sini kita belajar tentang jaringan komputer dan gimana cara mengamankannya dari serangan siber. Protokol jaringan, kriptografi, sama analisis forensik digital itu jadi makanan sehari-hari. Lulusannya bisa jadi Network Engineer yang bangun jaringan internet, Security Engineer yang jaga data dari hacker, atau Cybersecurity Analyst yang jago analisis ancaman siber. Penting banget nih di era digital ini! silahkan klik pada nama dosen untuk melihat profil dan topik penelitian, klik 'kirim email' untuk memperkenalkan diri jika berminat terhadap penelitian dosen tersebut",Blockchain dan keamanan jaringan,"Helfi Nasution, S.Kom, M.Cs","Haried Novriando, S.Kom., M.Eng. ","Alfian Abdul Jalid, S.Kom., M.Cs","Heri Priyanto, S.T., M.T.","Ir. M. Azhar Irwansyah, ST, M.Eng","Rickhy Artha Octaviyana, S.Kom., M.M., M.Kom.",,
networking dan security,13,"Di sini kita belajar tentang jaringan komputer dan gimana cara mengamankannya dari serangan siber. Protokol jaringan, kriptografi, sama analisis forensik digital itu jadi makanan sehari-hari. Lulusannya bisa jadi Network Engineer yang bangun jaringan internet, Security Engineer yang jaga data dari hacker, atau Cybersecurity Analyst yang jago analisis ancaman siber. Penting banget nih di era digital ini! silahkan klik pada nama dosen untuk melihat profil dan topik penelitian, klik 'kirim email' untuk memperkenalkan diri jika berminat terhadap penelitian dosen tersebut",Deteksi intrusi pada jaringan komputer,"Helfi Nasution, S.Kom, M.Cs","Haried Novriando, S.Kom., M.Eng. ","Alfian Abdul Jalid, S.Kom., M.Cs","Heri Priyanto, S.T., M.T.","Ir. M. Azhar Irwansyah, ST, M.Eng","Rickhy Artha Octaviyana, S.Kom., M.M., M.Kom.",,
networking dan security,5,"Di sini kita belajar tentang jaringan komputer dan gimana cara mengamankannya dari serangan siber. Protokol jaringan, kriptografi, sama analisis forensik digital itu jadi makanan sehari-hari. Lulusannya bisa jadi Network Engineer yang bangun jaringan internet, Security Engineer yang jaga data dari hacker, atau Cybersecurity Analyst yang jago analisis ancaman siber. Penting banget nih di era digital ini! silahkan klik pada nama dosen untuk melihat profil dan topik penelitian, klik 'kirim email' untuk memperkenalkan diri jika berminat terhadap penelitian dosen tersebut",Deteksi serangan siber berbasis machine learning,"Helfi Nasution, S.Kom, M.Cs","Haried Novriando, S.Kom., M.Eng. ","Alfian Abdul Jalid, S.Kom., M.Cs","Heri Priyanto, S.T., M.T.","Ir. M. Azhar Irwansyah, ST, M.Eng","Rickhy Artha Octaviyana, S.Kom., M.M., M.Kom.",,
networking dan security,11,"Di sini kita belajar tentang jaringan komputer dan gimana cara mengamankannya dari serangan siber. Protokol jaringan, kriptografi, sama analisis forensik digital itu jadi makanan sehari-hari. Lulusannya bisa jadi Network Engineer yang bangun jaringan internet, Security Engineer yang jaga data dari hacker, atau Cybersecurity Analyst yang jago analisis ancaman siber. Penting banget nih di era digital ini! silahkan klik pada nama dosen untuk melihat profil dan topik penelitian, klik 'kirim email' untuk memperkenalkan diri jika berminat terhadap penelitian dosen tersebut",Jaringan komputer dan Internet of Things (IoT),"Helfi Nasution, S.Kom, M.Cs","Haried Novriando, S.Kom., M.Eng. ","Alfian Abdul Jalid, S.Kom., M.Cs","Heri Priyanto, S.T., M.T.","Ir. M. Azhar Irwansyah, ST, M.Eng","Rickhy Artha Octaviyana, S.Kom., M.M., M.Kom.",,
networking dan security,2,"Di sini kita belajar tentang jaringan komputer dan gimana cara mengamankannya dari serangan siber. Protokol jaringan, kriptografi, sama analisis forensik digital itu jadi makanan sehari-hari. Lulusannya bisa jadi Network Engineer yang bangun jaringan internet, Security Engineer yang jaga data dari hacker, atau Cybersecurity Analyst yang jago analisis ancaman siber. Penting banget nih di era digital ini! silahkan klik pada nama dosen untuk melihat profil dan topik penelitian, klik 'kirim email' untuk memperkenalkan diri jika berminat terhadap penelitian dosen tersebut",Keamanan jaringan pada sistem nirkabel,"Helfi Nasution, S.Kom, M.Cs","Haried Novriando, S.Kom., M.Eng. ","Alfian Abdul Jalid, S.Kom., M.Cs","Heri Priyanto, S.T., M.T.","Ir. M. Azhar Irwansyah, ST, M.Eng","Rickhy Artha Octaviyana, S.Kom., M.M., M.Kom.",,
networking dan security,8,"Di sini kita belajar tentang jaringan komputer dan gimana cara mengamankannya dari serangan siber. Protokol jaringan, kriptografi, sama analisis forensik digital itu jadi makanan sehari-hari. Lulusannya bisa jadi Network Engineer yang bangun jaringan internet, Security Engineer yang jaga data dari hacker, atau Cybersecurity Analyst yang jago analisis ancaman siber. Penting banget nih di era digital ini! silahkan klik pada nama dosen untuk melihat profil dan topik penelitian, klik 'kirim email' untuk memperkenalkan diri jika berminat terhadap penelitian dosen tersebut",Keamanan komunikasi berbasis VoIP,"Helfi Nasution, S.Kom, M.Cs","Haried Novriando, S.Kom., M.Eng. ","Alfian Abdul Jalid, S.Kom., M.Cs","Heri Priyanto, S.T., M.T.","Ir. M. Azhar Irwansyah, ST, M.Eng","Rickhy Artha Octaviyana, S.Kom., M.M., M.Kom.",,
networking dan security,11,"Di sini kita belajar tentang jaringan komputer dan gimana cara mengamankannya dari serangan siber. Protokol jaringan, kriptografi, sama analisis forensik digital itu jadi makanan sehari-hari. Lulusannya bisa jadi Network Engineer yang bangun jaringan internet, Security Engineer yang jaga data dari hacker, atau Cybersecurity Analyst yang jago analisis ancaman siber. Penting banget nih di era digital ini! silahkan klik pada nama dosen untuk melihat profil dan topik penelitian, klik 'kirim email' untuk memperkenalkan diri jika berminat terhadap penelitian dosen tersebut",Keamanan pada jaringan terdistribusi,"Helfi Nasution, S.Kom, M.Cs","Haried Novriando, S.Kom., M.Eng. ","Alfian Abdul Jalid, S.Kom., M.Cs","Heri Priyanto, S.T., M.T.","Ir. M. Azhar Irwansyah, ST, M.Eng","Rickhy Artha Octaviyana, S.Kom., M.M., M.Kom.",,
networking dan security,17,"Di sini kita belajar tentang jaringan komputer dan gimana cara mengamankannya dari serangan siber. Protokol jaringan, kriptografi, sama analisis forensik digital itu jadi makanan sehari-hari. Lulusannya bisa jadi Network Engineer yang bangun jaringan internet, Security Engineer yang jaga data dari hacker, atau Cybersecurity Analyst yang jago analisis ancaman siber. Penting banget nih di era digital ini! silahkan klik pada nama dosen untuk melihat profil dan topik penelitian, klik 'kirim email' untuk memperkenalkan diri jika berminat terhadap penelitian dosen tersebut",Keamanan siber (cybersecurity),"Helfi Nasution, S.Kom, M.Cs","Haried Novriando, S.Kom., M.Eng. ","Alfian Abdul Jalid, S.Kom., M.Cs","Heri Priyanto, S.T., M.T.","Ir. M. Azhar Irwansyah, ST, M.Eng","Rickhy Artha Octaviyana, S.Kom., M.M., M.Kom.",,
networking dan security,5,"Di sini kita belajar tentang jaringan komputer dan gimana cara mengamankannya dari serangan siber. Protokol jaringan, kriptografi, sama analisis forensik digital itu jadi makanan sehari-hari. Lulusannya bisa jadi Network Engineer yang bangun jaringan internet, Security Engineer yang jaga data dari hacker, atau Cybersecurity Analyst yang jago analisis ancaman siber. Penting banget nih di era digital ini! silahkan klik pada nama dosen untuk melihat profil dan topik penelitian, klik 'kirim email' untuk memperkenalkan diri jika berminat terhadap penelitian dosen tersebut",Kriptografi dan privasi data,"Helfi Nasution, S.Kom, M.Cs","Haried Novriando, S.Kom., M.Eng. ","Alfian Abdul Jalid, S.Kom., M.Cs","Heri Priyanto, S.T., M.T.","Ir. M. Azhar Irwansyah, ST, M.Eng","Rickhy Artha Octaviyana, S.Kom., M.M., M.Kom.",,
networking dan security,2,"Di sini kita belajar tentang jaringan komputer dan gimana cara mengamankannya dari serangan siber. Protokol jaringan, kriptografi, sama analisis forensik digital itu jadi makanan sehari-hari. Lulusannya bisa jadi Network Engineer yang bangun jaringan internet, Security Engineer yang jaga data dari hacker, atau Cybersecurity Analyst yang jago analisis ancaman siber. Penting banget nih di era digital ini! silahkan klik pada nama dosen untuk melihat profil dan topik penelitian, klik 'kirim email' untuk memperkenalkan diri jika berminat terhadap penelitian dosen tersebut",Kriptografi kuantum,"Helfi Nasution, S.Kom, M.Cs","Haried Novriando, S.Kom., M.Eng. ","Alfian Abdul Jalid, S.Kom., M.Cs","Heri Priyanto, S.T., M.T.","Ir. M. Azhar Irwansyah, ST, M.Eng","Rickhy Artha Octaviyana, S.Kom., M.M., M.Kom.",,
networking dan security,14,"Di sini kita belajar tentang jaringan komputer dan gimana cara mengamankannya dari serangan siber. Protokol jaringan, kriptografi, sama analisis forensik digital itu jadi makanan sehari-hari. Lulusannya bisa jadi Network Engineer yang bangun jaringan internet, Security Engineer yang jaga data dari hacker, atau Cybersecurity Analyst yang jago analisis ancaman siber. Penting banget nih di era digital ini! silahkan klik pada nama dosen untuk melihat profil dan topik penelitian, klik 'kirim email' untuk memperkenalkan diri jika berminat terhadap penelitian dosen tersebut",Manajemen jaringan di lingkungan IoT,"Helfi Nasution, S.Kom, M.Cs","Haried Novriando, S.Kom., M.Eng. ","Alfian Abdul Jalid, S.Kom., M.Cs","Heri Priyanto, S.T., M.T.","Ir. M. Azhar Irwansyah, ST, M.Eng","Rickhy Artha Octaviyana, S.Kom., M.M., M.Kom.",,
networking dan security,15,"Di sini kita belajar tentang jaringan komputer dan gimana cara mengamankannya dari serangan siber. Protokol jaringan, kriptografi, sama analisis forensik digital itu jadi makanan sehari-hari. Lulusannya bisa jadi Network Engineer yang bangun jaringan internet, Security Engineer yang jaga data dari hacker, atau Cybersecurity Analyst yang jago analisis ancaman siber. Penting banget nih di era digital ini! silahkan klik pada nama dosen untuk melihat profil dan topik penelitian, klik 'kirim email' untuk memperkenalkan diri jika berminat terhadap penelitian dosen tersebut",Pengembangan firewall berbasis AI,"Helfi Nasution, S.Kom, M.Cs","Haried Novriando, S.Kom., M.Eng. ","Alfian Abdul Jalid, S.Kom., M.Cs","Heri Priyanto, S.T., M.T.","Ir. M. Azhar Irwansyah, ST, M.Eng","Rickhy Artha Octaviyana, S.Kom., M.M., M.Kom.",,
networking dan security,0,"Di sini kita belajar tentang jaringan komputer dan gimana cara mengamankannya dari serangan siber. Protokol jaringan, kriptografi, sama analisis forensik digital itu jadi makanan sehari-hari. Lulusannya bisa jadi Network Engineer yang bangun jaringan internet, Security Engineer yang jaga data dari hacker, atau Cybersecurity Analyst yang jago analisis ancaman siber. Penting banget nih di era digital ini! silahkan klik pada nama dosen untuk melihat profil dan topik penelitian, klik 'kirim email' untuk memperkenalkan diri jika berminat terhadap penelitian dosen tersebut",Penggunaan VPN untuk keamanan data,"Helfi Nasution, S.Kom, M.Cs","Haried Novriando, S.Kom., M.Eng. ","Alfian Abdul Jalid, S.Kom., M.Cs","Heri Priyanto, S.T., M.T.","Ir. M. Azhar Irwansyah, ST, M.Eng","Rickhy Artha Octaviyana, S.Kom., M.M., M.Kom.",,
networking dan security,16,"Di sini kita belajar tentang jaringan komputer dan gimana cara mengamankannya dari serangan siber. Protokol jaringan, kriptografi, sama analisis forensik digital itu jadi makanan sehari-hari. Lulusannya bisa jadi Network Engineer yang bangun jaringan internet, Security Engineer yang jaga data dari hacker, atau Cybersecurity Analyst yang jago analisis ancaman siber. Penting banget nih di era digital ini! silahkan klik pada nama dosen untuk melihat profil dan topik penelitian, klik 'kirim email' untuk memperkenalkan diri jika berminat terhadap penelitian dosen tersebut",Proteksi data dalam cloud computing,"Helfi Nasution, S.Kom, M.Cs","Haried Novriando, S.Kom., M.Eng. ","Alfian Abdul Jalid, S.Kom., M.Cs","Heri Priyanto, S.T., M.T.","Ir. M. Azhar Irwansyah, ST, M.Eng","Rickhy Artha Octaviyana, S.Kom., M.M., M.Kom.",,
networking dan security,11,"Di sini kita belajar tentang jaringan komputer dan gimana cara mengamankannya dari serangan siber. Protokol jaringan, kriptografi, sama analisis forensik digital itu jadi makanan sehari-hari. Lulusannya bisa jadi Network Engineer yang bangun jaringan internet, Security Engineer yang jaga data dari hacker, atau Cybersecurity Analyst yang jago analisis ancaman siber. Penting banget nih di era digital ini! silahkan klik pada nama dosen untuk melihat profil dan topik penelitian, klik 'kirim email' untuk memperkenalkan diri jika berminat terhadap penelitian dosen tersebut",Proteksi sistem industri berbasis jaringan,"Helfi Nasution, S.Kom, M.Cs","Haried Novriando, S.Kom., M.Eng. ","Alfian Abdul Jalid, S.Kom., M.Cs","Heri Priyanto, S.T., M.T.","Ir. M. Azhar Irwansyah, ST, M.Eng","Rickhy Artha Octaviyana, S.Kom., M.M., M.Kom.",,
networking dan security,3,"Di sini kita belajar tentang jaringan komputer dan gimana cara mengamankannya dari serangan siber. Protokol jaringan, kriptografi, sama analisis forensik digital itu jadi makanan sehari-hari. Lulusannya bisa jadi Network Engineer yang bangun jaringan internet, Security Engineer yang jaga data dari hacker, atau Cybersecurity Analyst yang jago analisis ancaman siber. Penting banget nih di era digital ini! silahkan klik pada nama dosen untuk melihat profil dan topik penelitian, klik 'kirim email' untuk memperkenalkan diri jika berminat terhadap penelitian dosen tersebut",Sistem otentikasi biometrik,"Helfi Nasution, S.Kom, M.Cs","Haried Novriando, S.Kom., M.Eng. ","Alfian Abdul Jalid, S.Kom., M.Cs","Heri Priyanto, S.T., M.T.","Ir. M. Azhar Irwansyah, ST, M.Eng","Rickhy Artha Octaviyana, S.Kom., M.M., M.Kom.",,
networking dan security,3,"Di sini kita belajar tentang jaringan komputer dan gimana cara mengamankannya dari serangan siber. Protokol jaringan, kriptografi, sama analisis forensik digital itu jadi makanan sehari-hari. Lulusannya bisa jadi Network Engineer yang bangun jaringan internet, Security Engineer yang jaga data dari hacker, atau Cybersecurity Analyst yang jago analisis ancaman siber. Penting banget nih di era digital ini! silahkan klik pada nama dosen untuk melihat profil dan topik penelitian, klik 'kirim email' untuk memperkenalkan diri jika berminat terhadap penelitian dosen tersebut",Software-Defined Networking (SDN),"Helfi Nasution, S.Kom, M.Cs","Haried Novriando, S.Kom., M.Eng. ","Alfian Abdul Jalid, S.Kom., M.Cs","Heri Priyanto, S.T., M.T.","Ir. M. Azhar Irwansyah, ST, M.Eng","Rickhy Artha Octaviyana, S.Kom., M.M., M.Kom.",,
software engineering dan mobile computing,2,"Ini sih keahlian yang fokus ke pengembangan perangkat lunak, mulai dari aplikasi mobile sampai web. Belajarnya tentang pemrograman, desain antarmuka, dan pengujian perangkat lunak. Lulusannya bisa jadi Software Engineer yang bikin aplikasi desktop, Mobile App Developer yang bikin aplikasi di HP, atau Web Developer yang bikin website. Mau bikin aplikasi sendiri? Masuk sini aja! silahkan klik pada nama dosen untuk melihat profil dan topik penelitian, klik 'kirim email' untuk memperkenalkan diri jika berminat terhadap penelitian dosen tersebut",Agile development dalam rekayasa perangkat lunak,"H. Hengky Anra, S.T., M.Kom.","Anggi Perwitasari, S.T., M.T. ","Desepta Isna Ulumi, S.Kom, M.Kom.","Khairul Hafidh, S.T., M.Kom.","M. Tsanauddin Farid, S.Kom., M.Eng.","Novi Safriadi, S.T., M.T.","Rudy Dwi Nyoto, ST, M.Eng",
software engineering dan mobile computing,11,"Ini sih keahlian yang fokus ke pengembangan perangkat lunak, mulai dari aplikasi mobile sampai web. Belajarnya tentang pemrograman, desain antarmuka, dan pengujian perangkat lunak. Lulusannya bisa jadi Software Engineer yang bikin aplikasi desktop, Mobile App Developer yang bikin aplikasi di HP, atau Web Developer yang bikin website. Mau bikin aplikasi sendiri? Masuk sini aja! silahkan klik pada nama dosen untuk melihat profil dan topik penelitian, klik 'kirim email' untuk memperkenalkan diri jika berminat terhadap penelitian dosen tersebut",Aplikasi Augmented Reality (AR) untuk mobile,"H. Hengky Anra, S.T., M.Kom.","Anggi Perwitasari, S.T., M.T. ","Desepta Isna Ulumi, S.Kom, M.Kom.","Khairul Hafidh, S.T., M.Kom.","M. Tsanauddin Farid, S.Kom., M.Eng.","Novi Safriadi, S.T., M.T.","Rudy Dwi Nyoto, ST, M.Eng",
software engineering dan mobile computing,0,"Ini sih keahlian yang fokus ke pengembangan perangkat lunak, mulai dari aplikasi mobile sampai web. Belajarnya tentang pemrograman, desain antarmuka, dan pengujian perangkat lunak. Lulusannya bisa jadi Software Engineer yang bikin aplikasi desktop, Mobile App Developer yang bikin aplikasi di HP, atau Web Developer yang bikin website. Mau bikin aplikasi sendiri? Masuk sini aja! silahkan klik pada nama dosen untuk melihat profil dan topik penelitian, klik 'kirim email' untuk memperkenalkan diri jika berminat terhadap penelitian dosen tersebut",Arsitektur microservices dalam aplikasi berskala besar,"H. Hengky Anra, S.T., M.Kom.","Anggi Perwitasari, S.T., M.T. ","Desepta Isna Ulumi, S.Kom, M.Kom.","Khairul Hafidh, S.T., M.Kom.","M. Tsanauddin Farid, S.Kom., M.Eng.","Novi Safriadi, S.T., M.T.","Rudy Dwi Nyoto, ST, M.Eng",
software engineering dan mobile computing,4,"Ini sih keahlian yang fokus ke pengembangan perangkat lunak, mulai dari aplikasi mobile sampai web. Belajarnya tentang pemrograman, desain antarmuka, dan pengujian perangkat lunak. Lulusannya bisa jadi Software Engineer yang bikin aplikasi desktop, Mobile App Developer yang bikin aplikasi di HP, atau Web Developer yang bikin website. Mau bikin aplikasi sendiri? Masuk sini aja! silahkan klik pada nama dosen untuk melihat profil dan topik penelitian, klik 'kirim email' untuk memperkenalkan diri jika berminat terhadap penelitian dosen tersebut",Continuous integration dan continuous delivery (CI/CD),"H. Hengky Anra, S.T., M.Kom.","Anggi Perwitasari, S.T., M.T. ","Desepta Isna Ulumi, S.Kom, M.Kom.","Khairul Hafidh, S.T., M.Kom.","M. Tsanauddin Farid, S.Kom., M.Eng.","Novi Safriadi, S.T., M.T.","Rudy Dwi Nyoto, ST, M.Eng",
software engineering dan mobile computing,9,"Ini sih keahlian yang fokus ke pengembangan perangkat lunak, mulai dari aplikasi mobile sampai web. Belajarnya tentang pemrograman, desain antarmuka, dan pengujian perangkat lunak. Lulusannya bisa jadi Software Engineer yang bikin aplikasi desktop, Mobile App Developer yang bikin aplikasi di HP, atau Web Developer yang bikin website. Mau bikin aplikasi sendiri? Masuk sini aja! silahkan klik pada nama dosen untuk melihat profil dan topik penelitian, klik 'kirim email' untuk memperkenalkan diri jika berminat terhadap penelitian dosen tersebut",DevOps untuk skala besar,"H. Hengky Anra, S.T., M.Kom.","Anggi Perwitasari, S.T., M.T. ","Desepta Isna Ulumi, S.Kom, M.Kom.","Khairul Hafidh, S.T., M.Kom.","M. Tsanauddin Farid, S.Kom., M.Eng.","Novi Safriadi, S.T., M.T.","Rudy Dwi Nyoto, ST, M.Eng",
software engineering dan mobile computing,16,"Ini sih keahlian yang fokus ke pengembangan perangkat lunak, mulai dari aplikasi mobile sampai web. Belajarnya tentang pemrograman, desain antarmuka, dan pengujian perangkat lunak. Lulusannya bisa jadi Software Engineer yang bikin aplikasi desktop, Mobile App Developer yang bikin aplikasi di HP, atau Web Developer yang bikin website. Mau bikin aplikasi sendiri? Masuk sini aja! silahkan klik pada nama dosen untuk melihat profil dan topik penelitian, klik 'kirim email' untuk memperkenalkan diri jika berminat terhadap penelitian dosen tersebut",Keamanan aplikasi mobile,"H. Hengky Anra, S.T., M.Kom.","Anggi Perwitasari, S.T., M.T. ","Desepta Isna Ulumi, S.Kom, M.Kom.","Khairul Hafidh, S.T., M.Kom.","M. Tsanauddin Farid, S.Kom., M.Eng.","Novi Safriadi, S.T., M.T.","Rudy Dwi Nyoto, ST, M.Eng",
software engineering dan mobile computing,7,"Ini sih keahlian yang fokus ke pengembangan perangkat lunak, mulai dari aplikasi mobile sampai web. Belajarnya tentang pemrograman, desain antarmuka, dan pengujian perangkat lunak. Lulusannya bisa jadi Software Engineer yang bikin aplikasi desktop, Mobile App Developer yang bikin aplikasi di HP, atau Web Developer yang bikin website. Mau bikin aplikasi sendiri? Masuk sini aja! silahkan klik pada nama dosen untuk melihat profil dan topik penelitian, klik 'kirim email' untuk memperkenalkan diri jika berminat terhadap penelitian dosen tersebut",Optimasi user experience (UX) pada aplikasi mobile,"H. Hengky Anra, S.T., M.Kom.","Anggi Perwitasari, S.T., M.T. ","Desepta Isna Ulumi, S.Kom, M.Kom.","Khairul Hafidh, S.T., M.Kom.","M. Tsanauddin Farid, S.Kom., M.Eng.","Novi Safriadi, S.T., M.T.","Rudy Dwi Nyoto, ST, M.Eng",
software engineering dan mobile computing,8,"Ini sih keahlian yang fokus ke pengembangan perangkat lunak, mulai dari aplikasi mobile sampai web. Belajarnya tentang pemrograman, desain antarmuka, dan pengujian perangkat lunak. Lulusannya bisa jadi Software Engineer yang bikin aplikasi desktop, Mobile App Developer yang bikin aplikasi di HP, atau Web Developer yang bikin website. Mau bikin aplikasi sendiri? Masuk sini aja! silahkan klik pada nama dosen untuk melihat profil dan topik penelitian, klik 'kirim email' untuk memperkenalkan diri jika berminat terhadap penelitian dosen tersebut",Penerapan machine learning dalam perangkat lunak,"H. Hengky Anra, S.T., M.Kom.","Anggi Perwitasari, S.T., M.T. ","Desepta Isna Ulumi, S.Kom, M.Kom.","Khairul Hafidh, S.T., M.Kom.","M. Tsanauddin Farid, S.Kom., M.Eng.","Novi Safriadi, S.T., M.T.","Rudy Dwi Nyoto, ST, M.Eng",
software engineering dan mobile computing,3,"Ini sih keahlian yang fokus ke pengembangan perangkat lunak, mulai dari aplikasi mobile sampai web. Belajarnya tentang pemrograman, desain antarmuka, dan pengujian perangkat lunak. Lulusannya bisa jadi Software Engineer yang bikin aplikasi desktop, Mobile App Developer yang bikin aplikasi di HP, atau Web Developer yang bikin website. Mau bikin aplikasi sendiri? Masuk sini aja! silahkan klik pada nama dosen untuk melihat profil dan topik penelitian, klik 'kirim email' untuk memperkenalkan diri jika berminat terhadap penelitian dosen tersebut",Pengembangan aplikasi berbasis cloud,"H. Hengky Anra, S.T., M.Kom.","Anggi Perwitasari, S.T., M.T. ","Desepta Isna Ulumi, S.Kom, M.Kom.","Khairul Hafidh, S.T., M.Kom.","M. Tsanauddin Farid, S.Kom., M.Eng.","Novi Safriadi, S.T., M.T.","Rudy Dwi Nyoto, ST, M.Eng",
software engineering dan mobile computing,7,"Ini sih keahlian yang fokus ke pengembangan perangkat lunak, mulai dari aplikasi mobile sampai web. Belajarnya tentang pemrograman, desain antarmuka, dan pengujian perangkat lunak. Lulusannya bisa jadi Software Engineer yang bikin aplikasi desktop, Mobile App Developer yang bikin aplikasi di HP, atau Web Developer yang bikin website. Mau bikin aplikasi sendiri? Masuk sini aja! silahkan klik pada nama dosen untuk melihat profil dan topik penelitian, klik 'kirim email' untuk memperkenalkan diri jika berminat terhadap penelitian dosen tersebut",Pengembangan aplikasi berbasis microservices,"H. Hengky Anra, S.T., M.Kom.","Anggi Perwitasari, S.T., M.T. ","Desepta Isna Ulumi, S.Kom, M.Kom.","Khairul Hafidh, S.T., M.Kom.","M. Tsanauddin Farid, S.Kom., M.Eng.","Novi Safriadi, S.T., M.T.","Rudy Dwi Nyoto, ST, M.Eng",
software engineering dan mobile computing,18,"Ini sih keahlian yang fokus ke pengembangan perangkat lunak, mulai dari aplikasi mobile sampai web. Belajarnya tentang pemrograman, desain antarmuka, dan pengujian perangkat lunak. Lulusannya bisa jadi Software Engineer yang bikin aplikasi desktop, Mobile App Developer yang bikin aplikasi di HP, atau Web Developer yang bikin website. Mau bikin aplikasi sendiri? Masuk sini aja! silahkan klik pada nama dosen untuk melihat profil dan topik penelitian, klik 'kirim email' untuk memperkenalkan diri jika berminat terhadap penelitian dosen tersebut",Pengembangan aplikasi mobile multiplatform,"H. Hengky Anra, S.T., M.Kom.","Anggi Perwitasari, S.T., M.T. ","Desepta Isna Ulumi, S.Kom, M.Kom.","Khairul Hafidh, S.T., M.Kom.","M. Tsanauddin Farid, S.Kom., M.Eng.","Novi Safriadi, S.T., M.T.","Rudy Dwi Nyoto, ST, M.Eng",
software engineering dan mobile computing,17,"Ini sih keahlian yang fokus ke pengembangan perangkat lunak, mulai dari aplikasi mobile sampai web. Belajarnya tentang pemrograman, desain antarmuka, dan pengujian perangkat lunak. Lulusannya bisa jadi Software Engineer yang bikin aplikasi desktop, Mobile App Developer yang bikin aplikasi di HP, atau Web Developer yang bikin website. Mau bikin aplikasi sendiri? Masuk sini aja! silahkan klik pada nama dosen untuk melihat profil dan topik penelitian, klik 'kirim email' untuk memperkenalkan diri jika berminat terhadap penelitian dosen tersebut",Pengembangan aplikasi mobile untuk smart home,"H. Hengky Anra, S.T., M.Kom.","Anggi Perwitasari, S.T., M.T. ","Desepta Isna Ulumi, S.Kom, M.Kom.","Khairul Hafidh, S.T., M.Kom.","M. Tsanauddin Farid, S.Kom., M.Eng.","Novi Safriadi, S.T., M.T.","Rudy Dwi Nyoto, ST, M.Eng",
software engineering dan mobile computing,20,"Ini sih keahlian yang fokus ke pengembangan perangkat lunak, mulai dari aplikasi mobile sampai web. Belajarnya tentang pemrograman, desain antarmuka, dan pengujian perangkat lunak. Lulusannya bisa jadi Software Engineer yang bikin aplikasi desktop, Mobile App Developer yang bikin aplikasi di HP, atau Web Developer yang bikin website. Mau bikin aplikasi sendiri? Masuk sini aja! silahkan klik pada nama dosen untuk melihat profil dan topik penelitian, klik 'kirim email' untuk memperkenalkan diri jika berminat terhadap penelitian dosen tersebut",Pengembangan game mobile menggunakan Unity,"H. Hengky Anra, S.T., M.Kom.","Anggi Perwitasari, S.T., M.T. ","Desepta Isna Ulumi, S.Kom, M.Kom.","Khairul Hafidh, S.T., M.Kom.","M. Tsanauddin Farid, S.Kom., M.Eng.","Novi Safriadi, S.T., M.T.","Rudy Dwi Nyoto, ST, M.Eng",
software engineering dan mobile computing,5,"Ini sih keahlian yang fokus ke pengembangan perangkat lunak, mulai dari aplikasi mobile sampai web. Belajarnya tentang pemrograman, desain antarmuka, dan pengujian perangkat lunak. Lulusannya bisa jadi Software Engineer yang bikin aplikasi desktop, Mobile App Developer yang bikin aplikasi di HP, atau Web Developer yang bikin website. Mau bikin aplikasi sendiri? Masuk sini aja! silahkan klik pada nama dosen untuk melihat profil dan topik penelitian, klik 'kirim email' untuk memperkenalkan diri jika berminat terhadap penelitian dosen tersebut",Penggunaan containerization dalam pengembangan perangkat lunak,"H. Hengky Anra, S.T., M.Kom.","Anggi Perwitasari, S.T., M.T. ","Desepta Isna Ulumi, S.Kom, M.Kom.","Khairul Hafidh, S.T., M.Kom.","M. Tsanauddin Farid, S.Kom., M.Eng.","Novi Safriadi, S.T., M.T.","Rudy Dwi Nyoto, ST, M.Eng",
software engineering dan mobile computing,16,"Ini sih keahlian yang fokus ke pengembangan perangkat lunak, mulai dari aplikasi mobile sampai web. Belajarnya tentang pemrograman, desain antarmuka, dan pengujian perangkat lunak. Lulusannya bisa jadi Software Engineer yang bikin aplikasi desktop, Mobile App Developer yang bikin aplikasi di HP, atau Web Developer yang bikin website. Mau bikin aplikasi sendiri? Masuk sini aja! silahkan klik pada nama dosen untuk melihat profil dan topik penelitian, klik 'kirim email' untuk memperkenalkan diri jika berminat terhadap penelitian dosen tersebut",Pengoptimalan performa aplikasi mobile,"H. Hengky Anra, S.T., M.Kom.","Anggi Perwitasari, S.T., M.T. ","Desepta Isna Ulumi, S.Kom, M.Kom.","Khairul Hafidh, S.T., M.Kom.","M. Tsanauddin Farid, S.Kom., M.Eng.","Novi Safriadi, S.T., M.T.","Rudy Dwi Nyoto, ST, M.Eng",
software engineering dan mobile computing,4,"Ini sih keahlian yang fokus ke pengembangan perangkat lunak, mulai dari aplikasi mobile sampai web. Belajarnya tentang pemrograman, desain antarmuka, dan pengujian perangkat lunak. Lulusannya bisa jadi Software Engineer yang bikin aplikasi desktop, Mobile App Developer yang bikin aplikasi di HP, atau Web Developer yang bikin website. Mau bikin aplikasi sendiri? Masuk sini aja! silahkan klik pada nama dosen untuk melihat profil dan topik penelitian, klik 'kirim email' untuk memperkenalkan diri jika berminat terhadap penelitian dosen tersebut",Pengujian unit (unit testing) dalam pengembangan perangkat lunak,"H. Hengky Anra, S.T., M.Kom.","Anggi Perwitasari, S.T., M.T. ","Desepta Isna Ulumi, S.Kom, M.Kom.","Khairul Hafidh, S.T., M.Kom.","M. Tsanauddin Farid, S.Kom., M.Eng.","Novi Safriadi, S.T., M.T.","Rudy Dwi Nyoto, ST, M.Eng",
software engineering dan mobile computing,4,"Ini sih keahlian yang fokus ke pengembangan perangkat lunak, mulai dari aplikasi mobile sampai web. Belajarnya tentang pemrograman, desain antarmuka, dan pengujian perangkat lunak. Lulusannya bisa jadi Software Engineer yang bikin aplikasi desktop, Mobile App Developer yang bikin aplikasi di HP, atau Web Developer yang bikin website. Mau bikin aplikasi sendiri? Masuk sini aja! silahkan klik pada nama dosen untuk melihat profil dan topik penelitian, klik 'kirim email' untuk memperkenalkan diri jika berminat terhadap penelitian dosen tersebut",Progressive web apps (PWA),"H. Hengky Anra, S.T., M.Kom.","Anggi Perwitasari, S.T., M.T. ","Desepta Isna Ulumi, S.Kom, M.Kom.","Khairul Hafidh, S.T., M.Kom.","M. Tsanauddin Farid, S.Kom., M.Eng.","Novi Safriadi, S.T., M.T.","Rudy Dwi Nyoto, ST, M.Eng",
software engineering dan mobile computing,11,"Ini sih keahlian yang fokus ke pengembangan perangkat lunak, mulai dari aplikasi mobile sampai web. Belajarnya tentang pemrograman, desain antarmuka, dan pengujian perangkat lunak. Lulusannya bisa jadi Software Engineer yang bikin aplikasi desktop, Mobile App Developer yang bikin aplikasi di HP, atau Web Developer yang bikin website. Mau bikin aplikasi sendiri? Masuk sini aja! silahkan klik pada nama dosen untuk melihat profil dan topik penelitian, klik 'kirim email' untuk memperkenalkan diri jika berminat terhadap penelitian dosen tersebut",Teknik manajemen versi perangkat lunak,"H. Hengky Anra, S.T., M.Kom.","Anggi Perwitasari, S.T., M.T. ","Desepta Isna Ulumi, S.Kom, M.Kom.","Khairul Hafidh, S.T., M.Kom.","M. Tsanauddin Farid, S.Kom., M.Eng.","Novi Safriadi, S.T., M.T.","Rudy Dwi Nyoto, ST, M.Eng",
software engineering dan mobile computing,4,"Ini sih keahlian yang fokus ke pengembangan perangkat lunak, mulai dari aplikasi mobile sampai web. Belajarnya tentang pemrograman, desain antarmuka, dan pengujian perangkat lunak. Lulusannya bisa jadi Software Engineer yang bikin aplikasi desktop, Mobile App Developer yang bikin aplikasi di HP, atau Web Developer yang bikin website. Mau bikin aplikasi sendiri? Masuk sini aja! silahkan klik pada nama dosen untuk melihat profil dan topik penelitian, klik 'kirim email' untuk memperkenalkan diri jika berminat terhadap penelitian dosen tersebut",Teknik pengujian perangkat lunak otomatis,"H. Hengky Anra, S.T., M.Kom.","Anggi Perwitasari, S.T., M.T. ","Desepta Isna Ulumi, S.Kom, M.Kom.","Khairul Hafidh, S.T., M.Kom.","M. Tsanauddin Farid, S.Kom., M.Eng.","Novi Safriadi, S.T., M.T.","Rudy Dwi Nyoto, ST, M.Eng",
software engineering dan mobile computing,18,"Ini sih keahlian yang fokus ke pengembangan perangkat lunak, mulai dari aplikasi mobile sampai web. Belajarnya tentang pemrograman, desain antarmuka, dan pengujian perangkat lunak. Lulusannya bisa jadi Software Engineer yang bikin aplikasi desktop, Mobile App Developer yang bikin aplikasi di HP, atau Web Developer yang bikin website. Mau bikin aplikasi sendiri? Masuk sini aja! silahkan klik pada nama dosen untuk melihat profil dan topik penelitian, klik 'kirim email' untuk memperkenalkan diri jika berminat terhadap penelitian dosen tersebut",Teknologi serverless untuk aplikasi mobile,"H. Hengky Anra, S.T., M.Kom.","Anggi Perwitasari, S.T., M.T. ","Desepta Isna Ulumi, S.Kom, M.Kom.","Khairul Hafidh, S.T., M.Kom.","M. Tsanauddin Farid, S.Kom., M.Eng.","Novi Safriadi, S.T., M.T.","Rudy Dwi Nyoto, ST, M.Eng",
